EMPLOYEE_ID,FIRST_NAME,LAST_NAME,EMAIL,PHONE_NUMBER,HIRE_DATE,JOB_ID,SALARY,COMMISSION_PCT,MANAGER_ID,DEPARTMENT_ID
200,Other,Whalen,JWHALEN,515.123.4444,17-SEP-03,AD_ASST,4400, - ,101,10
201,Other,Hartstein,MHARTSTE,515.123.5555,17-FEB-04,MK_MAN,13000, - ,100,20
202,Other,Fay,PFAY,603.123.6666,17-AUG-05,MK_REP,6000, - ,201,20
203,Other,Mavris,SMAVRIS,515.123.7777,07-JUN-02,HR_REP,6500, - ,101,40
204,Other,Baer,HBAER,515.123.8888,07-JUN-02,PR_REP,10000, - ,101,70
205,Other,Higgins,SHIGGINS,515.123.8080,07-JUN-02,AC_MGR,12008, - ,101,110
206,Other,Gietz,WGIETZ,515.123.8181,07-JUN-02,AC_ACCOUNT,8300, - ,205,110
100,Other,King,SKING,515.123.4567,17-JUN-03,AD_PRES,24000, - , - ,90
101,Other,Kochhar,NKOCHHAR,515.123.4568,21-SEP-05,AD_VP,17000, - ,100,90
102,Other,De Haan,LDEHAAN,515.123.4569,13-JAN-01,AD_VP,17000, - ,100,90
103,Other,Hunold,AHUNOLD,590.423.4567,03-JAN-06,IT_PROG,9000, - ,102,60
104,Other,Ernst,BERNST,590.423.4568,21-MAY-07,IT_PROG,6000, - ,103,60
105,Other,Austin,DAUSTIN,590.423.4569,25-JUN-05,IT_PROG,4800, - ,103,60
106,Other,Pataballa,VPATABAL,590.423.4560,05-FEB-06,IT_PROG,4800, - ,103,60
107,Other,Lorentz,DLORENTZ,590.423.5567,07-FEB-07,IT_PROG,4200, - ,103,60
108,Other,Greenberg,NGREENBE,515.124.4569,17-AUG-02,FI_MGR,12008, - ,101,100
109,Other,Faviet,DFAVIET,515.124.4169,16-AUG-02,FI_ACCOUNT,9000, - ,108,100
110,Other,Chen,JCHEN,515.124.4269,28-SEP-05,FI_ACCOUNT,8200, - ,108,100
111,Other,Sciarra,ISCIARRA,515.124.4369,30-SEP-05,FI_ACCOUNT,7700, - ,108,100
112,Other,Urman,JMURMAN,515.124.4469,07-MAR-06,FI_ACCOUNT,7800, - ,108,100
113,Other,Popp,LPOPP,515.124.4567,07-DEC-07,FI_ACCOUNT,6900, - ,108,100
114,Other,Raphaely,DRAPHEAL,515.127.4561,07-DEC-02,PU_MAN,11000, - ,100,30
115,Other,Khoo,AKHOO,515.127.4562,18-MAY-03,PU_CLERK,3100, - ,114,30
116,Other,Baida,SBAIDA,515.127.4563,24-DEC-05,PU_CLERK,2900, - ,114,30
117,Other,Tobias,STOBIAS,515.127.4564,24-JUL-05,PU_CLERK,2800, - ,114,30
118,Other,Himuro,GHIMURO,515.127.4565,15-NOV-06,PU_CLERK,2600, - ,114,30
119,Other,Colmenares,KCOLMENA,515.127.4566,10-AUG-07,PU_CLERK,2500, - ,114,30
120,Other,Weiss,MWEISS,650.123.1234,18-JUL-04,ST_MAN,8000, - ,100,50
121,Other,Fripp,AFRIPP,650.123.2234,10-APR-05,ST_MAN,8200, - ,100,50
122,Other,Kaufling,PKAUFLIN,650.123.3234,01-MAY-03,ST_MAN,7900, - ,100,50
123,Other,Vollman,SVOLLMAN,650.123.4234,10-OCT-05,ST_MAN,6500, - ,100,50
124,Other,Mourgos,KMOURGOS,650.123.5234,16-NOV-07,ST_MAN,5800, - ,100,50
125,Other,Nayer,JNAYER,650.124.1214,16-JUL-05,ST_CLERK,3200, - ,120,50
126,Other,Mikkilineni,IMIKKILI,650.124.1224,28-SEP-06,ST_CLERK,2700, - ,120,50
127,Other,Landry,JLANDRY,650.124.1334,14-JAN-07,ST_CLERK,2400, - ,120,50
128,Other,Markle,SMARKLE,650.124.1434,08-MAR-08,ST_CLERK,2200, - ,120,50
129,Other,Bissot,LBISSOT,650.124.5234,20-AUG-05,ST_CLERK,3300, - ,121,50
130,Other,Atkinson,MATKINSO,650.124.6234,30-OCT-05,ST_CLERK,2800, - ,121,50
131,Other,Marlow,JAMRLOW,650.124.7234,16-FEB-05,ST_CLERK,2500, - ,121,50
132,Other,Olson,TJOLSON,650.124.8234,10-APR-07,ST_CLERK,2100, - ,121,50
133,Other,Mallin,JMALLIN,650.127.1934,14-JUN-04,ST_CLERK,3300, - ,122,50
134,Other,Rogers,MROGERS,650.127.1834,26-AUG-06,ST_CLERK,2900, - ,122,50
135,Other,Gee,KGEE,650.127.1734,12-DEC-07,ST_CLERK,2400, - ,122,50
136,Other,Philtanker,HPHILTAN,650.127.1634,06-FEB-08,ST_CLERK,2200, - ,122,50
137,Other,Ladwig,RLADWIG,650.121.1234,14-JUL-03,ST_CLERK,3600, - ,123,50
138,Other,Stiles,SSTILES,650.121.2034,26-OCT-05,ST_CLERK,3200, - ,123,50
139,Other,Seo,JSEO,650.121.2019,12-FEB-06,ST_CLERK,2700, - ,123,50
140,Other,Patel,JPATEL,650.121.1834,06-APR-06,ST_CLERK,2500, - ,123,50